question,label
팔,health
다리,health
목,health
머리,health
손가락,health
발가락,health
이마,health
배,health
허리,health
피부,health
엉덩이,health
눈,health
귀,health
코,health
입,health
열,health
염증,health
출혈,health
멍,health
화상,health
동상,health
골절,health
부러짐,health
상처,health
붓기,health
땀띠,health
팔 빨갛게 됐어,health
팔 빨간색이야,health
팔 빨개,health
팔 붉은색이야,health
팔 붉은색으로 변했어,health
팔 빨간색,health
팔 붉은색,health
팔 열 있어요,health
팔 열 생겼어요,health
팔 열을 당했어요,health
팔 열 생겼어,health
팔 열 어떡해,health
팔 열 발생했어요,health
팔 열 있어,health
팔 열 보여,health
팔 열,health
열 팔,health
팔 염증 있어요,health
팔 염증 생겼어요,health
팔 염증을 당했어요,health
팔 염증 생겼어,health
팔 염증 어떡해,health
팔 염증 발생했어요,health
팔 염증 있어,health
팔 염증 보여,health
팔 염증,health
염증 팔,health
팔 출혈 있어요,health
팔 출혈 생겼어요,health
팔 출혈을 당했어요,health
팔 출혈 생겼어,health
팔 출혈 어떡해,health
팔 출혈 발생했어요,health
팔 출혈 있어,health
팔 출혈 보여,health
팔 출혈,health
출혈 팔,health
팔 멍 있어요,health
팔 멍 생겼어요,health
팔 멍을 당했어요,health
팔 멍 생겼어,health
팔 멍 어떡해,health
팔 멍 발생했어요,health
팔 멍 있어,health
팔 멍 보여,health
팔 멍,health
멍 팔,health
팔 화상 있어요,health
팔 화상 생겼어요,health
팔 화상을 당했어요,health
팔 화상 생겼어,health
팔 화상 어떡해,health
팔 화상 발생했어요,health
팔 화상 있어,health
팔 화상 보여,health
팔 화상,health
화상 팔,health
팔 동상 있어요,health
팔 동상 생겼어요,health
팔 동상을 당했어요,health
팔 동상 생겼어,health
팔 동상 어떡해,health
팔 동상 발생했어요,health
팔 동상 있어,health
팔 동상 보여,health
팔 동상,health
동상 팔,health
팔 골절 있어요,health
팔 골절 생겼어요,health
팔 골절을 당했어요,health
팔 골절 생겼어,health
팔 골절 어떡해,health
팔 골절 발생했어요,health
팔 골절 있어,health
팔 골절 보여,health
팔 골절,health
골절 팔,health
팔 부러짐 있어요,health
팔 부러짐 생겼어요,health
팔 부러짐을 당했어요,health
팔 부러짐 생겼어,health
팔 부러짐 어떡해,health
팔 부러짐 발생했어요,health
팔 부러짐 있어,health
팔 부러짐 보여,health
팔 부러짐,health
부러짐 팔,health
팔 상처 있어요,health
팔 상처 생겼어요,health
팔 상처 당했어요,health
팔 상처 생겼어,health
팔 상처 어떡해,health
팔 상처 발생했어요,health
팔 상처 있어,health
팔 상처,health
상처 팔,health
팔 붓기 있어요,health
팔 붓기 생겼어요,health
팔 붓기 당했어요,health
팔 붓기 생겼어,health
팔 붓기 어떡해,health
팔 붓기 발생했어요,health
팔 붓기 있어,health
팔 붓기,health
붓기 팔,health
팔 땀띠 있어요,health
팔 땀띠 생겼어요,health
팔 땀띠 당했어요,health
팔 땀띠 생겼어,health
팔 땀띠 어떡해,health
팔 땀띠 발생했어요,health
팔 땀띠 있어,health
팔 땀띠,health
땀띠 팔,health
다리 빨갛게 됐어,health
다리 빨간색이야,health
다리 빨개,health
다리 붉은색이야,health
다리 붉은색으로 변했어,health
다리 빨간색,health
다리 붉은색,health
다리 열 있어요,health
다리 열 생겼어요,health
다리 열을 당했어요,health
다리 열 생겼어,health
다리 열 어떡해,health
다리 열 발생했어요,health
다리 열 있어,health
다리 열 보여,health
다리 열,health
열 다리,health
다리 염증 있어요,health
다리 염증 생겼어요,health
다리 염증을 당했어요,health
다리 염증 생겼어,health
다리 염증 어떡해,health
다리 염증 발생했어요,health
다리 염증 있어,health
다리 염증 보여,health
다리 염증,health
염증 다리,health
다리 출혈 있어요,health
다리 출혈 생겼어요,health
다리 출혈을 당했어요,health
다리 출혈 생겼어,health
다리 출혈 어떡해,health
다리 출혈 발생했어요,health
다리 출혈 있어,health
다리 출혈 보여,health
다리 출혈,health
출혈 다리,health
다리 멍 있어요,health
다리 멍 생겼어요,health
다리 멍을 당했어요,health
다리 멍 생겼어,health
다리 멍 어떡해,health
다리 멍 발생했어요,health
다리 멍 있어,health
다리 멍 보여,health
다리 멍,health
멍 다리,health
다리 화상 있어요,health
다리 화상 생겼어요,health
다리 화상을 당했어요,health
다리 화상 생겼어,health
다리 화상 어떡해,health
다리 화상 발생했어요,health
다리 화상 있어,health
다리 화상 보여,health
다리 화상,health
화상 다리,health
다리 동상 있어요,health
다리 동상 생겼어요,health
다리 동상을 당했어요,health
다리 동상 생겼어,health
다리 동상 어떡해,health
다리 동상 발생했어요,health
다리 동상 있어,health
다리 동상 보여,health
다리 동상,health
동상 다리,health
다리 골절 있어요,health
다리 골절 생겼어요,health
다리 골절을 당했어요,health
다리 골절 생겼어,health
다리 골절 어떡해,health
다리 골절 발생했어요,health
다리 골절 있어,health
다리 골절 보여,health
다리 골절,health
골절 다리,health
다리 부러짐 있어요,health
다리 부러짐 생겼어요,health
다리 부러짐을 당했어요,health
다리 부러짐 생겼어,health
다리 부러짐 어떡해,health
다리 부러짐 발생했어요,health
다리 부러짐 있어,health
다리 부러짐 보여,health
다리 부러짐,health
부러짐 다리,health
다리 상처 있어요,health
다리 상처 생겼어요,health
다리 상처 당했어요,health
다리 상처 생겼어,health
다리 상처 어떡해,health
다리 상처 발생했어요,health
다리 상처 있어,health
다리 상처,health
상처 다리,health
다리 붓기 있어요,health
다리 붓기 생겼어요,health
다리 붓기 당했어요,health
다리 붓기 생겼어,health
다리 붓기 어떡해,health
다리 붓기 발생했어요,health
다리 붓기 있어,health
다리 붓기,health
붓기 다리,health
다리 땀띠 있어요,health
다리 땀띠 생겼어요,health
다리 땀띠 당했어요,health
다리 땀띠 생겼어,health
다리 땀띠 어떡해,health
다리 땀띠 발생했어요,health
다리 땀띠 있어,health
다리 땀띠,health
땀띠 다리,health
목 빨갛게 됐어,health
목 빨간색이야,health
목 빨개,health
목 붉은색이야,health
목 붉은색으로 변했어,health
목 빨간색,health
목 붉은색,health
목 열 있어요,health
목 열 생겼어요,health
목 열을 당했어요,health
목 열 생겼어,health
목 열 어떡해,health
목 열 발생했어요,health
목 열 있어,health
목 열 보여,health
목 열,health
열 목,health
목 염증 있어요,health
목 염증 생겼어요,health
목 염증을 당했어요,health
목 염증 생겼어,health
목 염증 어떡해,health
목 염증 발생했어요,health
목 염증 있어,health
목 염증 보여,health
목 염증,health
염증 목,health
목 출혈 있어요,health
목 출혈 생겼어요,health
목 출혈을 당했어요,health
목 출혈 생겼어,health
목 출혈 어떡해,health
목 출혈 발생했어요,health
목 출혈 있어,health
목 출혈 보여,health
목 출혈,health
출혈 목,health
목 멍 있어요,health
목 멍 생겼어요,health
목 멍을 당했어요,health
목 멍 생겼어,health
목 멍 어떡해,health
목 멍 발생했어요,health
목 멍 있어,health
목 멍 보여,health
목 멍,health
멍 목,health
목 화상 있어요,health
목 화상 생겼어요,health
목 화상을 당했어요,health
목 화상 생겼어,health
목 화상 어떡해,health
목 화상 발생했어요,health
목 화상 있어,health
목 화상 보여,health
목 화상,health
화상 목,health
목 동상 있어요,health
목 동상 생겼어요,health
목 동상을 당했어요,health
목 동상 생겼어,health
목 동상 어떡해,health
목 동상 발생했어요,health
목 동상 있어,health
목 동상 보여,health
목 동상,health
동상 목,health
목 골절 있어요,health
목 골절 생겼어요,health
목 골절을 당했어요,health
목 골절 생겼어,health
목 골절 어떡해,health
목 골절 발생했어요,health
목 골절 있어,health
목 골절 보여,health
목 골절,health
골절 목,health
목 부러짐 있어요,health
목 부러짐 생겼어요,health
목 부러짐을 당했어요,health
목 부러짐 생겼어,health
목 부러짐 어떡해,health
목 부러짐 발생했어요,health
목 부러짐 있어,health
목 부러짐 보여,health
목 부러짐,health
부러짐 목,health
목 상처 있어요,health
목 상처 생겼어요,health
목 상처 당했어요,health
목 상처 생겼어,health
목 상처 어떡해,health
목 상처 발생했어요,health
목 상처 있어,health
목 상처,health
상처 목,health
목 붓기 있어요,health
목 붓기 생겼어요,health
목 붓기 당했어요,health
목 붓기 생겼어,health
목 붓기 어떡해,health
목 붓기 발생했어요,health
목 붓기 있어,health
목 붓기,health
붓기 목,health
목 땀띠 있어요,health
목 땀띠 생겼어요,health
목 땀띠 당했어요,health
목 땀띠 생겼어,health
목 땀띠 어떡해,health
목 땀띠 발생했어요,health
목 땀띠 있어,health
목 땀띠,health
땀띠 목,health
머리 빨갛게 됐어,health
머리 빨간색이야,health
머리 빨개,health
머리 붉은색이야,health
머리 붉은색으로 변했어,health
머리 빨간색,health
머리 붉은색,health
머리 열 있어요,health
머리 열 생겼어요,health
머리 열을 당했어요,health
머리 열 생겼어,health
머리 열 어떡해,health
머리 열 발생했어요,health
머리 열 있어,health
머리 열 보여,health
머리 열,health
열 머리,health
머리 염증 있어요,health
머리 염증 생겼어요,health
머리 염증을 당했어요,health
머리 염증 생겼어,health
머리 염증 어떡해,health
머리 염증 발생했어요,health
머리 염증 있어,health
머리 염증 보여,health
머리 염증,health
염증 머리,health
머리 출혈 있어요,health
머리 출혈 생겼어요,health
머리 출혈을 당했어요,health
머리 출혈 생겼어,health
머리 출혈 어떡해,health
머리 출혈 발생했어요,health
머리 출혈 있어,health
머리 출혈 보여,health
머리 출혈,health
출혈 머리,health
머리 멍 있어요,health
머리 멍 생겼어요,health
머리 멍을 당했어요,health
머리 멍 생겼어,health
머리 멍 어떡해,health
머리 멍 발생했어요,health
머리 멍 있어,health
머리 멍 보여,health
머리 멍,health
멍 머리,health
머리 화상 있어요,health
머리 화상 생겼어요,health
머리 화상을 당했어요,health
머리 화상 생겼어,health
머리 화상 어떡해,health
머리 화상 발생했어요,health
머리 화상 있어,health
머리 화상 보여,health
머리 화상,health
화상 머리,health
머리 동상 있어요,health
머리 동상 생겼어요,health
머리 동상을 당했어요,health
머리 동상 생겼어,health
머리 동상 어떡해,health
머리 동상 발생했어요,health
머리 동상 있어,health
머리 동상 보여,health
머리 동상,health
동상 머리,health
머리 골절 있어요,health
머리 골절 생겼어요,health
머리 골절을 당했어요,health
머리 골절 생겼어,health
머리 골절 어떡해,health
머리 골절 발생했어요,health
머리 골절 있어,health
머리 골절 보여,health
머리 골절,health
골절 머리,health
머리 부러짐 있어요,health
머리 부러짐 생겼어요,health
머리 부러짐을 당했어요,health
머리 부러짐 생겼어,health
머리 부러짐 어떡해,health
머리 부러짐 발생했어요,health
머리 부러짐 있어,health
머리 부러짐 보여,health
머리 부러짐,health
부러짐 머리,health
머리 상처 있어요,health
머리 상처 생겼어요,health
머리 상처 당했어요,health
머리 상처 생겼어,health
머리 상처 어떡해,health
머리 상처 발생했어요,health
머리 상처 있어,health
머리 상처,health
상처 머리,health
머리 붓기 있어요,health
머리 붓기 생겼어요,health
머리 붓기 당했어요,health
머리 붓기 생겼어,health
머리 붓기 어떡해,health
머리 붓기 발생했어요,health
머리 붓기 있어,health
머리 붓기,health
붓기 머리,health
머리 땀띠 있어요,health
머리 땀띠 생겼어요,health
머리 땀띠 당했어요,health
머리 땀띠 생겼어,health
머리 땀띠 어떡해,health
머리 땀띠 발생했어요,health
머리 땀띠 있어,health
머리 땀띠,health
땀띠 머리,health
손가락 빨갛게 됐어,health
손가락 빨간색이야,health
손가락 빨개,health
손가락 붉은색이야,health
손가락 붉은색으로 변했어,health
손가락 빨간색,health
손가락 붉은색,health
손가락 열 있어요,health
손가락 열 생겼어요,health
손가락 열을 당했어요,health
손가락 열 생겼어,health
손가락 열 어떡해,health
손가락 열 발생했어요,health
손가락 열 있어,health
손가락 열 보여,health
손가락 열,health
열 손가락,health
손가락 염증 있어요,health
손가락 염증 생겼어요,health
손가락 염증을 당했어요,health
손가락 염증 생겼어,health
손가락 염증 어떡해,health
손가락 염증 발생했어요,health
손가락 염증 있어,health
손가락 염증 보여,health
손가락 염증,health
염증 손가락,health
손가락 출혈 있어요,health
손가락 출혈 생겼어요,health
손가락 출혈을 당했어요,health
손가락 출혈 생겼어,health
손가락 출혈 어떡해,health
손가락 출혈 발생했어요,health
손가락 출혈 있어,health
손가락 출혈 보여,health
손가락 출혈,health
출혈 손가락,health
손가락 멍 있어요,health
손가락 멍 생겼어요,health
손가락 멍을 당했어요,health
손가락 멍 생겼어,health
손가락 멍 어떡해,health
손가락 멍 발생했어요,health
손가락 멍 있어,health
손가락 멍 보여,health
손가락 멍,health
멍 손가락,health
손가락 화상 있어요,health
손가락 화상 생겼어요,health
손가락 화상을 당했어요,health
손가락 화상 생겼어,health
손가락 화상 어떡해,health
손가락 화상 발생했어요,health
손가락 화상 있어,health
손가락 화상 보여,health
손가락 화상,health
화상 손가락,health
손가락 동상 있어요,health
손가락 동상 생겼어요,health
손가락 동상을 당했어요,health
손가락 동상 생겼어,health
손가락 동상 어떡해,health
손가락 동상 발생했어요,health
손가락 동상 있어,health
손가락 동상 보여,health
손가락 동상,health
동상 손가락,health
손가락 골절 있어요,health
손가락 골절 생겼어요,health
손가락 골절을 당했어요,health
손가락 골절 생겼어,health
손가락 골절 어떡해,health
손가락 골절 발생했어요,health
손가락 골절 있어,health
손가락 골절 보여,health
손가락 골절,health
골절 손가락,health
손가락 부러짐 있어요,health
손가락 부러짐 생겼어요,health
손가락 부러짐을 당했어요,health
손가락 부러짐 생겼어,health
손가락 부러짐 어떡해,health
손가락 부러짐 발생했어요,health
손가락 부러짐 있어,health
손가락 부러짐 보여,health
손가락 부러짐,health
부러짐 손가락,health
손가락 상처 있어요,health
손가락 상처 생겼어요,health
손가락 상처 당했어요,health
손가락 상처 생겼어,health
손가락 상처 어떡해,health
손가락 상처 발생했어요,health
손가락 상처 있어,health
손가락 상처,health
상처 손가락,health
손가락 붓기 있어요,health
손가락 붓기 생겼어요,health
손가락 붓기 당했어요,health
손가락 붓기 생겼어,health
손가락 붓기 어떡해,health
손가락 붓기 발생했어요,health
손가락 붓기 있어,health
손가락 붓기,health
붓기 손가락,health
손가락 땀띠 있어요,health
손가락 땀띠 생겼어요,health
손가락 땀띠 당했어요,health
손가락 땀띠 생겼어,health
손가락 땀띠 어떡해,health
손가락 땀띠 발생했어요,health
손가락 땀띠 있어,health
손가락 땀띠,health
땀띠 손가락,health
발가락 빨갛게 됐어,health
발가락 빨간색이야,health
발가락 빨개,health
발가락 붉은색이야,health
발가락 붉은색으로 변했어,health
발가락 빨간색,health
발가락 붉은색,health
발가락 열 있어요,health
발가락 열 생겼어요,health
발가락 열을 당했어요,health
발가락 열 생겼어,health
발가락 열 어떡해,health
발가락 열 발생했어요,health
발가락 열 있어,health
발가락 열 보여,health
발가락 열,health
열 발가락,health
발가락 염증 있어요,health
발가락 염증 생겼어요,health
발가락 염증을 당했어요,health
발가락 염증 생겼어,health
발가락 염증 어떡해,health
발가락 염증 발생했어요,health
발가락 염증 있어,health
발가락 염증 보여,health
발가락 염증,health
염증 발가락,health
발가락 출혈 있어요,health
발가락 출혈 생겼어요,health
발가락 출혈을 당했어요,health
발가락 출혈 생겼어,health
발가락 출혈 어떡해,health
발가락 출혈 발생했어요,health
발가락 출혈 있어,health
발가락 출혈 보여,health
발가락 출혈,health
출혈 발가락,health
발가락 멍 있어요,health
발가락 멍 생겼어요,health
발가락 멍을 당했어요,health
발가락 멍 생겼어,health
발가락 멍 어떡해,health
발가락 멍 발생했어요,health
발가락 멍 있어,health
발가락 멍 보여,health
발가락 멍,health
멍 발가락,health
발가락 화상 있어요,health
발가락 화상 생겼어요,health
발가락 화상을 당했어요,health
발가락 화상 생겼어,health
발가락 화상 어떡해,health
발가락 화상 발생했어요,health
발가락 화상 있어,health
발가락 화상 보여,health
발가락 화상,health
화상 발가락,health
발가락 동상 있어요,health
발가락 동상 생겼어요,health
발가락 동상을 당했어요,health
발가락 동상 생겼어,health
발가락 동상 어떡해,health
발가락 동상 발생했어요,health
발가락 동상 있어,health
발가락 동상 보여,health
발가락 동상,health
동상 발가락,health
발가락 골절 있어요,health
발가락 골절 생겼어요,health
발가락 골절을 당했어요,health
발가락 골절 생겼어,health
발가락 골절 어떡해,health
발가락 골절 발생했어요,health
발가락 골절 있어,health
발가락 골절 보여,health
발가락 골절,health
골절 발가락,health
발가락 부러짐 있어요,health
발가락 부러짐 생겼어요,health
발가락 부러짐을 당했어요,health
발가락 부러짐 생겼어,health
발가락 부러짐 어떡해,health
발가락 부러짐 발생했어요,health
발가락 부러짐 있어,health
발가락 부러짐 보여,health
발가락 부러짐,health
부러짐 발가락,health
발가락 상처 있어요,health
발가락 상처 생겼어요,health
발가락 상처 당했어요,health
발가락 상처 생겼어,health
발가락 상처 어떡해,health
발가락 상처 발생했어요,health
발가락 상처 있어,health
발가락 상처,health
상처 발가락,health
발가락 붓기 있어요,health
발가락 붓기 생겼어요,health
발가락 붓기 당했어요,health
발가락 붓기 생겼어,health
발가락 붓기 어떡해,health
발가락 붓기 발생했어요,health
발가락 붓기 있어,health
발가락 붓기,health
붓기 발가락,health
발가락 땀띠 있어요,health
발가락 땀띠 생겼어요,health
발가락 땀띠 당했어요,health
발가락 땀띠 생겼어,health
발가락 땀띠 어떡해,health
발가락 땀띠 발생했어요,health
발가락 땀띠 있어,health
발가락 땀띠,health
땀띠 발가락,health
이마 빨갛게 됐어,health
이마 빨간색이야,health
이마 빨개,health
이마 붉은색이야,health
이마 붉은색으로 변했어,health
이마 빨간색,health
이마 붉은색,health
이마 열 있어요,health
이마 열 생겼어요,health
이마 열을 당했어요,health
이마 열 생겼어,health
이마 열 어떡해,health
이마 열 발생했어요,health
이마 열 있어,health
이마 열 보여,health
이마 열,health
열 이마,health
이마 염증 있어요,health
이마 염증 생겼어요,health
이마 염증을 당했어요,health
이마 염증 생겼어,health
이마 염증 어떡해,health
이마 염증 발생했어요,health
이마 염증 있어,health
이마 염증 보여,health
이마 염증,health
염증 이마,health
이마 출혈 있어요,health
이마 출혈 생겼어요,health
이마 출혈을 당했어요,health
이마 출혈 생겼어,health
이마 출혈 어떡해,health
이마 출혈 발생했어요,health
이마 출혈 있어,health
이마 출혈 보여,health
이마 출혈,health
출혈 이마,health
이마 멍 있어요,health
이마 멍 생겼어요,health
이마 멍을 당했어요,health
이마 멍 생겼어,health
이마 멍 어떡해,health
이마 멍 발생했어요,health
이마 멍 있어,health
이마 멍 보여,health
이마 멍,health
멍 이마,health
이마 화상 있어요,health
이마 화상 생겼어요,health
이마 화상을 당했어요,health
이마 화상 생겼어,health
이마 화상 어떡해,health
이마 화상 발생했어요,health
이마 화상 있어,health
이마 화상 보여,health
이마 화상,health
화상 이마,health
이마 동상 있어요,health
이마 동상 생겼어요,health
이마 동상을 당했어요,health
이마 동상 생겼어,health
이마 동상 어떡해,health
이마 동상 발생했어요,health
이마 동상 있어,health
이마 동상 보여,health
이마 동상,health
동상 이마,health
이마 골절 있어요,health
이마 골절 생겼어요,health
이마 골절을 당했어요,health
이마 골절 생겼어,health
이마 골절 어떡해,health
이마 골절 발생했어요,health
이마 골절 있어,health
이마 골절 보여,health
이마 골절,health
골절 이마,health
이마 부러짐 있어요,health
이마 부러짐 생겼어요,health
이마 부러짐을 당했어요,health
이마 부러짐 생겼어,health
이마 부러짐 어떡해,health
이마 부러짐 발생했어요,health
이마 부러짐 있어,health
이마 부러짐 보여,health
이마 부러짐,health
부러짐 이마,health
이마 상처 있어요,health
이마 상처 생겼어요,health
이마 상처 당했어요,health
이마 상처 생겼어,health
이마 상처 어떡해,health
이마 상처 발생했어요,health
이마 상처 있어,health
이마 상처,health
상처 이마,health
이마 붓기 있어요,health
이마 붓기 생겼어요,health
이마 붓기 당했어요,health
이마 붓기 생겼어,health
이마 붓기 어떡해,health
이마 붓기 발생했어요,health
이마 붓기 있어,health
이마 붓기,health
붓기 이마,health
이마 땀띠 있어요,health
이마 땀띠 생겼어요,health
이마 땀띠 당했어요,health
이마 땀띠 생겼어,health
이마 땀띠 어떡해,health
이마 땀띠 발생했어요,health
이마 땀띠 있어,health
이마 땀띠,health
땀띠 이마,health
배 빨갛게 됐어,health
배 빨간색이야,health
배 빨개,health
배 붉은색이야,health
배 붉은색으로 변했어,health
배 빨간색,health
배 붉은색,health
배 열 있어요,health
배 열 생겼어요,health
배 열을 당했어요,health
배 열 생겼어,health
배 열 어떡해,health
배 열 발생했어요,health
배 열 있어,health
배 열 보여,health
배 열,health
열 배,health
배 염증 있어요,health
배 염증 생겼어요,health
배 염증을 당했어요,health
배 염증 생겼어,health
배 염증 어떡해,health
배 염증 발생했어요,health
배 염증 있어,health
배 염증 보여,health
배 염증,health
염증 배,health
배 출혈 있어요,health
배 출혈 생겼어요,health
배 출혈을 당했어요,health
배 출혈 생겼어,health
배 출혈 어떡해,health
배 출혈 발생했어요,health
배 출혈 있어,health
배 출혈 보여,health
배 출혈,health
출혈 배,health
배 멍 있어요,health
배 멍 생겼어요,health
배 멍을 당했어요,health
배 멍 생겼어,health
배 멍 어떡해,health
배 멍 발생했어요,health
배 멍 있어,health
배 멍 보여,health
배 멍,health
멍 배,health
배 화상 있어요,health
배 화상 생겼어요,health
배 화상을 당했어요,health
배 화상 생겼어,health
배 화상 어떡해,health
배 화상 발생했어요,health
배 화상 있어,health
배 화상 보여,health
배 화상,health
화상 배,health
배 동상 있어요,health
배 동상 생겼어요,health
배 동상을 당했어요,health
배 동상 생겼어,health
배 동상 어떡해,health
배 동상 발생했어요,health
배 동상 있어,health
배 동상 보여,health
배 동상,health
동상 배,health
배 골절 있어요,health
배 골절 생겼어요,health
배 골절을 당했어요,health
배 골절 생겼어,health
배 골절 어떡해,health
배 골절 발생했어요,health
배 골절 있어,health
배 골절 보여,health
배 골절,health
골절 배,health
배 부러짐 있어요,health
배 부러짐 생겼어요,health
배 부러짐을 당했어요,health
배 부러짐 생겼어,health
배 부러짐 어떡해,health
배 부러짐 발생했어요,health
배 부러짐 있어,health
배 부러짐 보여,health
배 부러짐,health
부러짐 배,health
배 상처 있어요,health
배 상처 생겼어요,health
배 상처 당했어요,health
배 상처 생겼어,health
배 상처 어떡해,health
배 상처 발생했어요,health
배 상처 있어,health
배 상처,health
상처 배,health
배 붓기 있어요,health
배 붓기 생겼어요,health
배 붓기 당했어요,health
배 붓기 생겼어,health
배 붓기 어떡해,health
배 붓기 발생했어요,health
배 붓기 있어,health
배 붓기,health
붓기 배,health
배 땀띠 있어요,health
배 땀띠 생겼어요,health
배 땀띠 당했어요,health
배 땀띠 생겼어,health
배 땀띠 어떡해,health
배 땀띠 발생했어요,health
배 땀띠 있어,health
배 땀띠,health
땀띠 배,health
허리 빨갛게 됐어,health
허리 빨간색이야,health
허리 빨개,health
허리 붉은색이야,health
허리 붉은색으로 변했어,health
허리 빨간색,health
허리 붉은색,health
허리 열 있어요,health
허리 열 생겼어요,health
허리 열을 당했어요,health
허리 열 생겼어,health
허리 열 어떡해,health
허리 열 발생했어요,health
허리 열 있어,health
허리 열 보여,health
허리 열,health
열 허리,health
허리 염증 있어요,health
허리 염증 생겼어요,health
허리 염증을 당했어요,health
허리 염증 생겼어,health
허리 염증 어떡해,health
허리 염증 발생했어요,health
허리 염증 있어,health
허리 염증 보여,health
허리 염증,health
염증 허리,health
허리 출혈 있어요,health
허리 출혈 생겼어요,health
허리 출혈을 당했어요,health
허리 출혈 생겼어,health
허리 출혈 어떡해,health
허리 출혈 발생했어요,health
허리 출혈 있어,health
허리 출혈 보여,health
허리 출혈,health
출혈 허리,health
허리 멍 있어요,health
허리 멍 생겼어요,health
허리 멍을 당했어요,health
허리 멍 생겼어,health
허리 멍 어떡해,health
허리 멍 발생했어요,health
허리 멍 있어,health
허리 멍 보여,health
허리 멍,health
멍 허리,health
허리 화상 있어요,health
허리 화상 생겼어요,health
허리 화상을 당했어요,health
허리 화상 생겼어,health
허리 화상 어떡해,health
허리 화상 발생했어요,health
허리 화상 있어,health
허리 화상 보여,health
허리 화상,health
화상 허리,health
허리 동상 있어요,health
허리 동상 생겼어요,health
허리 동상을 당했어요,health
허리 동상 생겼어,health
허리 동상 어떡해,health
허리 동상 발생했어요,health
허리 동상 있어,health
허리 동상 보여,health
허리 동상,health
동상 허리,health
허리 골절 있어요,health
허리 골절 생겼어요,health
허리 골절을 당했어요,health
허리 골절 생겼어,health
허리 골절 어떡해,health
허리 골절 발생했어요,health
허리 골절 있어,health
허리 골절 보여,health
허리 골절,health
골절 허리,health
허리 부러짐 있어요,health
허리 부러짐 생겼어요,health
허리 부러짐을 당했어요,health
허리 부러짐 생겼어,health
허리 부러짐 어떡해,health
허리 부러짐 발생했어요,health
허리 부러짐 있어,health
허리 부러짐 보여,health
허리 부러짐,health
부러짐 허리,health
허리 상처 있어요,health
허리 상처 생겼어요,health
허리 상처 당했어요,health
허리 상처 생겼어,health
허리 상처 어떡해,health
허리 상처 발생했어요,health
허리 상처 있어,health
허리 상처,health
상처 허리,health
허리 붓기 있어요,health
허리 붓기 생겼어요,health
허리 붓기 당했어요,health
허리 붓기 생겼어,health
허리 붓기 어떡해,health
허리 붓기 발생했어요,health
허리 붓기 있어,health
허리 붓기,health
붓기 허리,health
허리 땀띠 있어요,health
허리 땀띠 생겼어요,health
허리 땀띠 당했어요,health
허리 땀띠 생겼어,health
허리 땀띠 어떡해,health
허리 땀띠 발생했어요,health
허리 땀띠 있어,health
허리 땀띠,health
땀띠 허리,health
피부 빨갛게 됐어,health
피부 빨간색이야,health
피부 빨개,health
피부 붉은색이야,health
피부 붉은색으로 변했어,health
피부 빨간색,health
피부 붉은색,health
피부 열 있어요,health
피부 열 생겼어요,health
피부 열을 당했어요,health
피부 열 생겼어,health
피부 열 어떡해,health
피부 열 발생했어요,health
피부 열 있어,health
피부 열 보여,health
피부 열,health
열 피부,health
피부 염증 있어요,health
피부 염증 생겼어요,health
피부 염증을 당했어요,health
피부 염증 생겼어,health
피부 염증 어떡해,health
피부 염증 발생했어요,health
피부 염증 있어,health
피부 염증 보여,health
피부 염증,health
염증 피부,health
피부 출혈 있어요,health
피부 출혈 생겼어요,health
피부 출혈을 당했어요,health
피부 출혈 생겼어,health
피부 출혈 어떡해,health
피부 출혈 발생했어요,health
피부 출혈 있어,health
피부 출혈 보여,health
피부 출혈,health
출혈 피부,health
피부 멍 있어요,health
피부 멍 생겼어요,health
피부 멍을 당했어요,health
피부 멍 생겼어,health
피부 멍 어떡해,health
피부 멍 발생했어요,health
피부 멍 있어,health
피부 멍 보여,health
피부 멍,health
멍 피부,health
피부 화상 있어요,health
피부 화상 생겼어요,health
피부 화상을 당했어요,health
피부 화상 생겼어,health
피부 화상 어떡해,health
피부 화상 발생했어요,health
피부 화상 있어,health
피부 화상 보여,health
피부 화상,health
화상 피부,health
피부 동상 있어요,health
피부 동상 생겼어요,health
피부 동상을 당했어요,health
피부 동상 생겼어,health
피부 동상 어떡해,health
피부 동상 발생했어요,health
피부 동상 있어,health
피부 동상 보여,health
피부 동상,health
동상 피부,health
피부 골절 있어요,health
피부 골절 생겼어요,health
피부 골절을 당했어요,health
피부 골절 생겼어,health
피부 골절 어떡해,health
피부 골절 발생했어요,health
피부 골절 있어,health
피부 골절 보여,health
피부 골절,health
골절 피부,health
피부 부러짐 있어요,health
피부 부러짐 생겼어요,health
피부 부러짐을 당했어요,health
피부 부러짐 생겼어,health
피부 부러짐 어떡해,health
피부 부러짐 발생했어요,health
피부 부러짐 있어,health
피부 부러짐 보여,health
피부 부러짐,health
부러짐 피부,health
피부 상처 있어요,health
피부 상처 생겼어요,health
피부 상처 당했어요,health
피부 상처 생겼어,health
피부 상처 어떡해,health
피부 상처 발생했어요,health
피부 상처 있어,health
피부 상처,health
상처 피부,health
피부 붓기 있어요,health
피부 붓기 생겼어요,health
피부 붓기 당했어요,health
피부 붓기 생겼어,health
피부 붓기 어떡해,health
피부 붓기 발생했어요,health
피부 붓기 있어,health
피부 붓기,health
붓기 피부,health
피부 땀띠 있어요,health
피부 땀띠 생겼어요,health
피부 땀띠 당했어요,health
피부 땀띠 생겼어,health
피부 땀띠 어떡해,health
피부 땀띠 발생했어요,health
피부 땀띠 있어,health
피부 땀띠,health
땀띠 피부,health
엉덩이 빨갛게 됐어,health
엉덩이 빨간색이야,health
엉덩이 빨개,health
엉덩이 붉은색이야,health
엉덩이 붉은색으로 변했어,health
엉덩이 빨간색,health
엉덩이 붉은색,health
엉덩이 열 있어요,health
엉덩이 열 생겼어요,health
엉덩이 열을 당했어요,health
엉덩이 열 생겼어,health
엉덩이 열 어떡해,health
엉덩이 열 발생했어요,health
엉덩이 열 있어,health
엉덩이 열 보여,health
엉덩이 열,health
열 엉덩이,health
엉덩이 염증 있어요,health
엉덩이 염증 생겼어요,health
엉덩이 염증을 당했어요,health
엉덩이 염증 생겼어,health
엉덩이 염증 어떡해,health
엉덩이 염증 발생했어요,health
엉덩이 염증 있어,health
엉덩이 염증 보여,health
엉덩이 염증,health
염증 엉덩이,health
엉덩이 출혈 있어요,health
엉덩이 출혈 생겼어요,health
엉덩이 출혈을 당했어요,health
엉덩이 출혈 생겼어,health
엉덩이 출혈 어떡해,health
엉덩이 출혈 발생했어요,health
엉덩이 출혈 있어,health
엉덩이 출혈 보여,health
엉덩이 출혈,health
출혈 엉덩이,health
엉덩이 멍 있어요,health
엉덩이 멍 생겼어요,health
엉덩이 멍을 당했어요,health
엉덩이 멍 생겼어,health
엉덩이 멍 어떡해,health
엉덩이 멍 발생했어요,health
엉덩이 멍 있어,health
엉덩이 멍 보여,health
엉덩이 멍,health
멍 엉덩이,health
엉덩이 화상 있어요,health
엉덩이 화상 생겼어요,health
엉덩이 화상을 당했어요,health
엉덩이 화상 생겼어,health
엉덩이 화상 어떡해,health
엉덩이 화상 발생했어요,health
엉덩이 화상 있어,health
엉덩이 화상 보여,health
엉덩이 화상,health
화상 엉덩이,health
엉덩이 동상 있어요,health
엉덩이 동상 생겼어요,health
엉덩이 동상을 당했어요,health
엉덩이 동상 생겼어,health
엉덩이 동상 어떡해,health
엉덩이 동상 발생했어요,health
엉덩이 동상 있어,health
엉덩이 동상 보여,health
엉덩이 동상,health
동상 엉덩이,health
엉덩이 골절 있어요,health
엉덩이 골절 생겼어요,health
엉덩이 골절을 당했어요,health
엉덩이 골절 생겼어,health
엉덩이 골절 어떡해,health
엉덩이 골절 발생했어요,health
엉덩이 골절 있어,health
엉덩이 골절 보여,health
엉덩이 골절,health
골절 엉덩이,health
엉덩이 부러짐 있어요,health
엉덩이 부러짐 생겼어요,health
엉덩이 부러짐을 당했어요,health
엉덩이 부러짐 생겼어,health
엉덩이 부러짐 어떡해,health
엉덩이 부러짐 발생했어요,health
엉덩이 부러짐 있어,health
엉덩이 부러짐 보여,health
엉덩이 부러짐,health
부러짐 엉덩이,health
엉덩이 상처 있어요,health
엉덩이 상처 생겼어요,health
엉덩이 상처 당했어요,health
엉덩이 상처 생겼어,health
엉덩이 상처 어떡해,health
엉덩이 상처 발생했어요,health
엉덩이 상처 있어,health
엉덩이 상처,health
상처 엉덩이,health
엉덩이 붓기 있어요,health
엉덩이 붓기 생겼어요,health
엉덩이 붓기 당했어요,health
엉덩이 붓기 생겼어,health
엉덩이 붓기 어떡해,health
엉덩이 붓기 발생했어요,health
엉덩이 붓기 있어,health
엉덩이 붓기,health
붓기 엉덩이,health
엉덩이 땀띠 있어요,health
엉덩이 땀띠 생겼어요,health
엉덩이 땀띠 당했어요,health
엉덩이 땀띠 생겼어,health
엉덩이 땀띠 어떡해,health
엉덩이 땀띠 발생했어요,health
엉덩이 땀띠 있어,health
엉덩이 땀띠,health
땀띠 엉덩이,health
눈 빨갛게 됐어,health
눈 빨간색이야,health
눈 빨개,health
눈 붉은색이야,health
눈 붉은색으로 변했어,health
눈 빨간색,health
눈 붉은색,health
눈 열 있어요,health
눈 열 생겼어요,health
눈 열을 당했어요,health
눈 열 생겼어,health
눈 열 어떡해,health
눈 열 발생했어요,health
눈 열 있어,health
눈 열 보여,health
눈 열,health
열 눈,health
눈 염증 있어요,health
눈 염증 생겼어요,health
눈 염증을 당했어요,health
눈 염증 생겼어,health
눈 염증 어떡해,health
눈 염증 발생했어요,health
눈 염증 있어,health
눈 염증 보여,health
눈 염증,health
염증 눈,health
눈 출혈 있어요,health
눈 출혈 생겼어요,health
눈 출혈을 당했어요,health
눈 출혈 생겼어,health
눈 출혈 어떡해,health
눈 출혈 발생했어요,health
눈 출혈 있어,health
눈 출혈 보여,health
눈 출혈,health
출혈 눈,health
눈 멍 있어요,health
눈 멍 생겼어요,health
눈 멍을 당했어요,health
눈 멍 생겼어,health
눈 멍 어떡해,health
눈 멍 발생했어요,health
눈 멍 있어,health
눈 멍 보여,health
눈 멍,health
멍 눈,health
눈 화상 있어요,health
눈 화상 생겼어요,health
눈 화상을 당했어요,health
눈 화상 생겼어,health
눈 화상 어떡해,health
눈 화상 발생했어요,health
눈 화상 있어,health
눈 화상 보여,health
눈 화상,health
화상 눈,health
눈 동상 있어요,health
눈 동상 생겼어요,health
눈 동상을 당했어요,health
눈 동상 생겼어,health
눈 동상 어떡해,health
눈 동상 발생했어요,health
눈 동상 있어,health
눈 동상 보여,health
눈 동상,health
동상 눈,health
눈 골절 있어요,health
눈 골절 생겼어요,health
눈 골절을 당했어요,health
눈 골절 생겼어,health
눈 골절 어떡해,health
눈 골절 발생했어요,health
눈 골절 있어,health
눈 골절 보여,health
눈 골절,health
골절 눈,health
눈 부러짐 있어요,health
눈 부러짐 생겼어요,health
눈 부러짐을 당했어요,health
눈 부러짐 생겼어,health
눈 부러짐 어떡해,health
눈 부러짐 발생했어요,health
눈 부러짐 있어,health
눈 부러짐 보여,health
눈 부러짐,health
부러짐 눈,health
눈 상처 있어요,health
눈 상처 생겼어요,health
눈 상처 당했어요,health
눈 상처 생겼어,health
눈 상처 어떡해,health
눈 상처 발생했어요,health
눈 상처 있어,health
눈 상처,health
상처 눈,health
눈 붓기 있어요,health
눈 붓기 생겼어요,health
눈 붓기 당했어요,health
눈 붓기 생겼어,health
눈 붓기 어떡해,health
눈 붓기 발생했어요,health
눈 붓기 있어,health
눈 붓기,health
붓기 눈,health
눈 땀띠 있어요,health
눈 땀띠 생겼어요,health
눈 땀띠 당했어요,health
눈 땀띠 생겼어,health
눈 땀띠 어떡해,health
눈 땀띠 발생했어요,health
눈 땀띠 있어,health
눈 땀띠,health
땀띠 눈,health
귀 빨갛게 됐어,health
귀 빨간색이야,health
귀 빨개,health
귀 붉은색이야,health
귀 붉은색으로 변했어,health
귀 빨간색,health
귀 붉은색,health
귀 열 있어요,health
귀 열 생겼어요,health
귀 열을 당했어요,health
귀 열 생겼어,health
귀 열 어떡해,health
귀 열 발생했어요,health
귀 열 있어,health
귀 열 보여,health
귀 열,health
열 귀,health
귀 염증 있어요,health
귀 염증 생겼어요,health
귀 염증을 당했어요,health
귀 염증 생겼어,health
귀 염증 어떡해,health
귀 염증 발생했어요,health
귀 염증 있어,health
귀 염증 보여,health
귀 염증,health
염증 귀,health
귀 출혈 있어요,health
귀 출혈 생겼어요,health
귀 출혈을 당했어요,health
귀 출혈 생겼어,health
귀 출혈 어떡해,health
귀 출혈 발생했어요,health
귀 출혈 있어,health
귀 출혈 보여,health
귀 출혈,health
출혈 귀,health
귀 멍 있어요,health
귀 멍 생겼어요,health
귀 멍을 당했어요,health
귀 멍 생겼어,health
귀 멍 어떡해,health
귀 멍 발생했어요,health
귀 멍 있어,health
귀 멍 보여,health
귀 멍,health
멍 귀,health
귀 화상 있어요,health
귀 화상 생겼어요,health
귀 화상을 당했어요,health
귀 화상 생겼어,health
귀 화상 어떡해,health
귀 화상 발생했어요,health
귀 화상 있어,health
귀 화상 보여,health
귀 화상,health
화상 귀,health
귀 동상 있어요,health
귀 동상 생겼어요,health
귀 동상을 당했어요,health
귀 동상 생겼어,health
귀 동상 어떡해,health
귀 동상 발생했어요,health
귀 동상 있어,health
귀 동상 보여,health
귀 동상,health
동상 귀,health
귀 골절 있어요,health
귀 골절 생겼어요,health
귀 골절을 당했어요,health
귀 골절 생겼어,health
귀 골절 어떡해,health
귀 골절 발생했어요,health
귀 골절 있어,health
귀 골절 보여,health
귀 골절,health
골절 귀,health
귀 부러짐 있어요,health
귀 부러짐 생겼어요,health
귀 부러짐을 당했어요,health
귀 부러짐 생겼어,health
귀 부러짐 어떡해,health
귀 부러짐 발생했어요,health
귀 부러짐 있어,health
귀 부러짐 보여,health
귀 부러짐,health
부러짐 귀,health
귀 상처 있어요,health
귀 상처 생겼어요,health
귀 상처 당했어요,health
귀 상처 생겼어,health
귀 상처 어떡해,health
귀 상처 발생했어요,health
귀 상처 있어,health
귀 상처,health
상처 귀,health
귀 붓기 있어요,health
귀 붓기 생겼어요,health
귀 붓기 당했어요,health
귀 붓기 생겼어,health
귀 붓기 어떡해,health
귀 붓기 발생했어요,health
귀 붓기 있어,health
귀 붓기,health
붓기 귀,health
귀 땀띠 있어요,health
귀 땀띠 생겼어요,health
귀 땀띠 당했어요,health
귀 땀띠 생겼어,health
귀 땀띠 어떡해,health
귀 땀띠 발생했어요,health
귀 땀띠 있어,health
귀 땀띠,health
땀띠 귀,health
코 빨갛게 됐어,health
코 빨간색이야,health
코 빨개,health
코 붉은색이야,health
코 붉은색으로 변했어,health
코 빨간색,health
코 붉은색,health
코 열 있어요,health
코 열 생겼어요,health
코 열을 당했어요,health
코 열 생겼어,health
코 열 어떡해,health
코 열 발생했어요,health
코 열 있어,health
코 열 보여,health
코 열,health
열 코,health
코 염증 있어요,health
코 염증 생겼어요,health
코 염증을 당했어요,health
코 염증 생겼어,health
코 염증 어떡해,health
코 염증 발생했어요,health
코 염증 있어,health
코 염증 보여,health
코 염증,health
염증 코,health
코 출혈 있어요,health
코 출혈 생겼어요,health
코 출혈을 당했어요,health
코 출혈 생겼어,health
코 출혈 어떡해,health
코 출혈 발생했어요,health
코 출혈 있어,health
코 출혈 보여,health
코 출혈,health
출혈 코,health
코 멍 있어요,health
코 멍 생겼어요,health
코 멍을 당했어요,health
코 멍 생겼어,health
코 멍 어떡해,health
코 멍 발생했어요,health
코 멍 있어,health
코 멍 보여,health
코 멍,health
멍 코,health
코 화상 있어요,health
코 화상 생겼어요,health
코 화상을 당했어요,health
코 화상 생겼어,health
코 화상 어떡해,health
코 화상 발생했어요,health
코 화상 있어,health
코 화상 보여,health
코 화상,health
화상 코,health
코 동상 있어요,health
코 동상 생겼어요,health
코 동상을 당했어요,health
코 동상 생겼어,health
코 동상 어떡해,health
코 동상 발생했어요,health
코 동상 있어,health
코 동상 보여,health
코 동상,health
동상 코,health
코 골절 있어요,health
코 골절 생겼어요,health
코 골절을 당했어요,health
코 골절 생겼어,health
코 골절 어떡해,health
코 골절 발생했어요,health
코 골절 있어,health
코 골절 보여,health
코 골절,health
골절 코,health
코 부러짐 있어요,health
코 부러짐 생겼어요,health
코 부러짐을 당했어요,health
코 부러짐 생겼어,health
코 부러짐 어떡해,health
코 부러짐 발생했어요,health
코 부러짐 있어,health
코 부러짐 보여,health
코 부러짐,health
부러짐 코,health
코 상처 있어요,health
코 상처 생겼어요,health
코 상처 당했어요,health
코 상처 생겼어,health
코 상처 어떡해,health
코 상처 발생했어요,health
코 상처 있어,health
코 상처,health
상처 코,health
코 붓기 있어요,health
코 붓기 생겼어요,health
코 붓기 당했어요,health
코 붓기 생겼어,health
코 붓기 어떡해,health
코 붓기 발생했어요,health
코 붓기 있어,health
코 붓기,health
붓기 코,health
코 땀띠 있어요,health
코 땀띠 생겼어요,health
코 땀띠 당했어요,health
코 땀띠 생겼어,health
코 땀띠 어떡해,health
코 땀띠 발생했어요,health
코 땀띠 있어,health
코 땀띠,health
땀띠 코,health
입 빨갛게 됐어,health
입 빨간색이야,health
입 빨개,health
입 붉은색이야,health
입 붉은색으로 변했어,health
입 빨간색,health
입 붉은색,health
입 열 있어요,health
입 열 생겼어요,health
입 열을 당했어요,health
입 열 생겼어,health
입 열 어떡해,health
입 열 발생했어요,health
입 열 있어,health
입 열 보여,health
입 열,health
열 입,health
입 염증 있어요,health
입 염증 생겼어요,health
입 염증을 당했어요,health
입 염증 생겼어,health
입 염증 어떡해,health
입 염증 발생했어요,health
입 염증 있어,health
입 염증 보여,health
입 염증,health
염증 입,health
입 출혈 있어요,health
입 출혈 생겼어요,health
입 출혈을 당했어요,health
입 출혈 생겼어,health
입 출혈 어떡해,health
입 출혈 발생했어요,health
입 출혈 있어,health
입 출혈 보여,health
입 출혈,health
출혈 입,health
입 멍 있어요,health
입 멍 생겼어요,health
입 멍을 당했어요,health
입 멍 생겼어,health
입 멍 어떡해,health
입 멍 발생했어요,health
입 멍 있어,health
입 멍 보여,health
입 멍,health
멍 입,health
입 화상 있어요,health
입 화상 생겼어요,health
입 화상을 당했어요,health
입 화상 생겼어,health
입 화상 어떡해,health
입 화상 발생했어요,health
입 화상 있어,health
입 화상 보여,health
입 화상,health
화상 입,health
입 동상 있어요,health
입 동상 생겼어요,health
입 동상을 당했어요,health
입 동상 생겼어,health
입 동상 어떡해,health
입 동상 발생했어요,health
입 동상 있어,health
입 동상 보여,health
입 동상,health
동상 입,health
입 골절 있어요,health
입 골절 생겼어요,health
입 골절을 당했어요,health
입 골절 생겼어,health
입 골절 어떡해,health
입 골절 발생했어요,health
입 골절 있어,health
입 골절 보여,health
입 골절,health
골절 입,health
입 부러짐 있어요,health
입 부러짐 생겼어요,health
입 부러짐을 당했어요,health
입 부러짐 생겼어,health
입 부러짐 어떡해,health
입 부러짐 발생했어요,health
입 부러짐 있어,health
입 부러짐 보여,health
입 부러짐,health
부러짐 입,health
입 상처 있어요,health
입 상처 생겼어요,health
입 상처 당했어요,health
입 상처 생겼어,health
입 상처 어떡해,health
입 상처 발생했어요,health
입 상처 있어,health
입 상처,health
상처 입,health
입 붓기 있어요,health
입 붓기 생겼어요,health
입 붓기 당했어요,health
입 붓기 생겼어,health
입 붓기 어떡해,health
입 붓기 발생했어요,health
입 붓기 있어,health
입 붓기,health
붓기 입,health
입 땀띠 있어요,health
입 땀띠 생겼어요,health
입 땀띠 당했어요,health
입 땀띠 생겼어,health
입 땀띠 어떡해,health
입 땀띠 발생했어요,health
입 땀띠 있어,health
입 땀띠,health
땀띠 입,health
팔 찧었어,health
팔 찍혔어,health
팔 부딪혔어,health
팔 경련 있어,health
팔 경련,health
팔 떨어,health
팔 심하게 떨어,health
팔 떨고있어,health
팔 떨고 있어,health
다리 찧었어,health
다리 찍혔어,health
다리 부딪혔어,health
다리 경련 있어,health
다리 경련,health
다리 떨어,health
다리 심하게 떨어,health
다리 떨고있어,health
다리 떨고 있어,health
목 찧었어,health
목 찍혔어,health
목 부딪혔어,health
목 경련 있어,health
목 경련,health
목 떨어,health
목 심하게 떨어,health
목 떨고있어,health
목 떨고 있어,health
머리 찧었어,health
머리 찍혔어,health
머리 부딪혔어,health
머리 경련 있어,health
머리 경련,health
머리 떨어,health
머리 심하게 떨어,health
머리 떨고있어,health
머리 떨고 있어,health
손가락 찧었어,health
손가락 찍혔어,health
손가락 부딪혔어,health
손가락 경련 있어,health
손가락 경련,health
손가락 떨어,health
손가락 심하게 떨어,health
손가락 떨고있어,health
손가락 떨고 있어,health
발가락 찧었어,health
발가락 찍혔어,health
발가락 부딪혔어,health
발가락 경련 있어,health
발가락 경련,health
발가락 떨어,health
발가락 심하게 떨어,health
발가락 떨고있어,health
발가락 떨고 있어,health
이마 찧었어,health
이마 찍혔어,health
이마 부딪혔어,health
이마 경련 있어,health
이마 경련,health
이마 떨어,health
이마 심하게 떨어,health
이마 떨고있어,health
이마 떨고 있어,health
배 찧었어,health
배 찍혔어,health
배 부딪혔어,health
배 경련 있어,health
배 경련,health
배 떨어,health
배 심하게 떨어,health
배 떨고있어,health
배 떨고 있어,health
허리 찧었어,health
허리 찍혔어,health
허리 부딪혔어,health
허리 경련 있어,health
허리 경련,health
허리 떨어,health
허리 심하게 떨어,health
허리 떨고있어,health
허리 떨고 있어,health
피부 찧었어,health
피부 찍혔어,health
피부 부딪혔어,health
피부 경련 있어,health
피부 경련,health
피부 떨어,health
피부 심하게 떨어,health
피부 떨고있어,health
피부 떨고 있어,health
엉덩이 찧었어,health
엉덩이 찍혔어,health
엉덩이 부딪혔어,health
엉덩이 경련 있어,health
엉덩이 경련,health
엉덩이 떨어,health
엉덩이 심하게 떨어,health
엉덩이 떨고있어,health
엉덩이 떨고 있어,health
눈 뭐가 들어갔어,health
눈 속에 뭔가 들어갔어,health
눈 이물질이 들어갔어,health
눈에 뭔가 있어,health
눈 뭐가 들어갔어,health
눈 뭐 있어,health
눈 이물질,health
이물질 눈,health
눈 안에 열 있어,health
눈 속에 열 있어,health
눈 열 보여,health
눈 안 열,health
눈 속 열,health
눈 안에 염증 있어,health
눈 속에 염증 있어,health
눈 염증 보여,health
눈 안 염증,health
눈 속 염증,health
눈 안에 출혈 있어,health
눈 속에 출혈 있어,health
눈 출혈 보여,health
눈 안 출혈,health
눈 속 출혈,health
눈 안에 멍 있어,health
눈 속에 멍 있어,health
눈 멍 보여,health
눈 안 멍,health
눈 속 멍,health
눈 안에 화상 있어,health
눈 속에 화상 있어,health
눈 화상 보여,health
눈 안 화상,health
눈 속 화상,health
눈 안에 동상 있어,health
눈 속에 동상 있어,health
눈 동상 보여,health
눈 안 동상,health
눈 속 동상,health
눈 안에 골절 있어,health
눈 속에 골절 있어,health
눈 골절 보여,health
눈 안 골절,health
눈 속 골절,health
눈 안에 부러짐 있어,health
눈 속에 부러짐 있어,health
눈 부러짐 보여,health
눈 안 부러짐,health
눈 속 부러짐,health
눈 안에 상처 있어,health
눈 속에 상처 있어,health
눈 상처 보여,health
눈 안 상처,health
눈 속 상처,health
눈 안에 붓기 있어,health
눈 속에 붓기 있어,health
눈 붓기 보여,health
눈 안 붓기,health
눈 속 붓기,health
눈 안에 땀띠 있어,health
눈 속에 땀띠 있어,health
눈 땀띠 보여,health
눈 안 땀띠,health
눈 속 땀띠,health
귀 뭐가 들어갔어,health
귀 속에 뭔가 들어갔어,health
귀 이물질이 들어갔어,health
귀에 뭔가 있어,health
귀 뭐가 들어갔어,health
귀 뭐 있어,health
귀 이물질,health
이물질 귀,health
귀 안에 열 있어,health
귀 속에 열 있어,health
귀 열 보여,health
귀 안 열,health
귀 속 열,health
귀 안에 염증 있어,health
귀 속에 염증 있어,health
귀 염증 보여,health
귀 안 염증,health
귀 속 염증,health
귀 안에 출혈 있어,health
귀 속에 출혈 있어,health
귀 출혈 보여,health
귀 안 출혈,health
귀 속 출혈,health
귀 안에 멍 있어,health
귀 속에 멍 있어,health
귀 멍 보여,health
귀 안 멍,health
귀 속 멍,health
귀 안에 화상 있어,health
귀 속에 화상 있어,health
귀 화상 보여,health
귀 안 화상,health
귀 속 화상,health
귀 안에 동상 있어,health
귀 속에 동상 있어,health
귀 동상 보여,health
귀 안 동상,health
귀 속 동상,health
귀 안에 골절 있어,health
귀 속에 골절 있어,health
귀 골절 보여,health
귀 안 골절,health
귀 속 골절,health
귀 안에 부러짐 있어,health
귀 속에 부러짐 있어,health
귀 부러짐 보여,health
귀 안 부러짐,health
귀 속 부러짐,health
귀 안에 상처 있어,health
귀 속에 상처 있어,health
귀 상처 보여,health
귀 안 상처,health
귀 속 상처,health
귀 안에 붓기 있어,health
귀 속에 붓기 있어,health
귀 붓기 보여,health
귀 안 붓기,health
귀 속 붓기,health
귀 안에 땀띠 있어,health
귀 속에 땀띠 있어,health
귀 땀띠 보여,health
귀 안 땀띠,health
귀 속 땀띠,health
코 뭐가 들어갔어,health
코 속에 뭔가 들어갔어,health
코 이물질이 들어갔어,health
코에 뭔가 있어,health
코 뭐가 들어갔어,health
코 뭐 있어,health
코 이물질,health
이물질 코,health
코 안에 열 있어,health
코 속에 열 있어,health
코 열 보여,health
코 안 열,health
코 속 열,health
코 안에 염증 있어,health
코 속에 염증 있어,health
코 염증 보여,health
코 안 염증,health
코 속 염증,health
코 안에 출혈 있어,health
코 속에 출혈 있어,health
코 출혈 보여,health
코 안 출혈,health
코 속 출혈,health
코 안에 멍 있어,health
코 속에 멍 있어,health
코 멍 보여,health
코 안 멍,health
코 속 멍,health
코 안에 화상 있어,health
코 속에 화상 있어,health
코 화상 보여,health
코 안 화상,health
코 속 화상,health
코 안에 동상 있어,health
코 속에 동상 있어,health
코 동상 보여,health
코 안 동상,health
코 속 동상,health
코 안에 골절 있어,health
코 속에 골절 있어,health
코 골절 보여,health
코 안 골절,health
코 속 골절,health
코 안에 부러짐 있어,health
코 속에 부러짐 있어,health
코 부러짐 보여,health
코 안 부러짐,health
코 속 부러짐,health
코 안에 상처 있어,health
코 속에 상처 있어,health
코 상처 보여,health
코 안 상처,health
코 속 상처,health
코 안에 붓기 있어,health
코 속에 붓기 있어,health
코 붓기 보여,health
코 안 붓기,health
코 속 붓기,health
코 안에 땀띠 있어,health
코 속에 땀띠 있어,health
코 땀띠 보여,health
코 안 땀띠,health
코 속 땀띠,health
입 뭐가 들어갔어,health
입 속에 뭔가 들어갔어,health
입 이물질이 들어갔어,health
입에 뭔가 있어,health
입 뭐가 들어갔어,health
입 뭐 있어,health
입 이물질,health
이물질 입,health
입 안에 열 있어,health
입 속에 열 있어,health
입 열 보여,health
입 안 열,health
입 속 열,health
입 안에 염증 있어,health
입 속에 염증 있어,health
입 염증 보여,health
입 안 염증,health
입 속 염증,health
입 안에 출혈 있어,health
입 속에 출혈 있어,health
입 출혈 보여,health
입 안 출혈,health
입 속 출혈,health
입 안에 멍 있어,health
입 속에 멍 있어,health
입 멍 보여,health
입 안 멍,health
입 속 멍,health
입 안에 화상 있어,health
입 속에 화상 있어,health
입 화상 보여,health
입 안 화상,health
입 속 화상,health
입 안에 동상 있어,health
입 속에 동상 있어,health
입 동상 보여,health
입 안 동상,health
입 속 동상,health
입 안에 골절 있어,health
입 속에 골절 있어,health
입 골절 보여,health
입 안 골절,health
입 속 골절,health
입 안에 부러짐 있어,health
입 속에 부러짐 있어,health
입 부러짐 보여,health
입 안 부러짐,health
입 속 부러짐,health
입 안에 상처 있어,health
입 속에 상처 있어,health
입 상처 보여,health
입 안 상처,health
입 속 상처,health
입 안에 붓기 있어,health
입 속에 붓기 있어,health
입 붓기 보여,health
입 안 붓기,health
입 속 붓기,health
입 안에 땀띠 있어,health
입 속에 땀띠 있어,health
입 땀띠 보여,health
입 안 땀띠,health
입 속 땀띠,health
세제,health
샴푸,health
비누,health
손세정제,health
커피,health
뼈,health
동전,health
독,health
술,health
약,health
알약,health
세제 삼켰어,health
세제 햝았어,health
세제 먹었어,health
세제 넘겼어,health
샴푸 삼켰어,health
샴푸 햝았어,health
샴푸 먹었어,health
샴푸 넘겼어,health
비누 삼켰어,health
비누 햝았어,health
비누 먹었어,health
비누 넘겼어,health
손세정제 삼켰어,health
손세정제 햝았어,health
손세정제 먹었어,health
손세정제 넘겼어,health
커피 삼켰어,health
커피 햝았어,health
커피 먹었어,health
커피 넘겼어,health
뼈 삼켰어,health
뼈 햝았어,health
뼈 먹었어,health
뼈 넘겼어,health
동전 삼켰어,health
동전 햝았어,health
동전 먹었어,health
동전 넘겼어,health
독 삼켰어,health
독 햝았어,health
독 먹었어,health
독 넘겼어,health
술 삼켰어,health
술 햝았어,health
술 먹었어,health
술 넘겼어,health
약 삼켰어,health
약 햝았어,health
약 먹었어,health
약 넘겼어,health
알약 삼켰어,health
알약 햝았어,health
알약 먹었어,health
알약 넘겼어,health
숨 안 쉬어,health
호흡 안 해,health
인공호흡 알려줘,health
숨 어떻게 쉬어,health
벌레 물렸어,health
벌레 물린 것 같아,health
천식 있어,health
천식 있는 것 같아,health
천식 증상,health
천식 증상 알려줘,health
천식 이면 어때,health
천식 어떡해,health
천식 어떻게 해,health
천식,health
일사병 있어,health
일사병 있는 것 같아,health
일사병 증상,health
일사병 증상 알려줘,health
일사병 이면 어때,health
일사병 어떡해,health
일사병 어떻게 해,health
일사병,health
기관지염 있어,health
기관지염 있는 것 같아,health
기관지염 증상,health
기관지염 증상 알려줘,health
기관지염 이면 어때,health
기관지염 어떡해,health
기관지염 어떻게 해,health
기관지염,health
가래 있어,health
가래 있는 것 같아,health
가래 증상,health
가래 증상 알려줘,health
가래 이면 어때,health
가래 어떡해,health
가래 어떻게 해,health
가래,health
폐렴 있어,health
폐렴 있는 것 같아,health
폐렴 증상,health
폐렴 증상 알려줘,health
폐렴 이면 어때,health
폐렴 어떡해,health
폐렴 어떻게 해,health
폐렴,health
감기 있어,health
감기 있는 것 같아,health
감기 증상,health
감기 증상 알려줘,health
감기 이면 어때,health
감기 어떡해,health
감기 어떻게 해,health
감기,health
설사 있어,health
설사 있는 것 같아,health
설사 증상,health
설사 증상 알려줘,health
설사 이면 어때,health
설사 어떡해,health
설사 어떻게 해,health
설사,health
눈곱,health
아기 눈곱,health
아이 눈곱,health
눈곱이 있어,health
눈곱 어떻게 해,health
눈곱 어떡해,health
